{
    "Honda": [
        [
            -75.696295,
            4.810476
        ],
        [
            -75.677729,
            4.830363
        ]
    ],
    "Auteco": [
        [
            -75.696486,
            4.810157
        ],
        [
            -75.688835,
            4.809493
        ]
    ],
    "Yamaha": [
        [
            -75.694400,
            4.811973
        ],
        [
            -75.689081,
            4.810518
        ],
        [
            -75.692218,
            4.809653
        ]
    ],
    "Akt": [
        [
            -75.683973,
            4.810968
        ],
        [
            -75.700172,
            4.815365
        ]
    ],
    "Suzuki": [
        [
            -75.754220,
            4.811024
        ],
        [
            -75.700303,
            4.815433
        ]
    ]
}